{"theme_mods":{"custom_css_post_id":93,"neve_last_menu_item":"search","neve_body_font_family":"","neve_body_font_size":"{\"suffix\":{\"mobile\":\"px\",\"tablet\":\"px\",\"desktop\":\"px\"},\"mobile\":16,\"tablet\":16,\"desktop\":15}","neve_navigation_layout":"left","neve_theme_color":"#00a4f7","neve_link_color":"#00a4f7","neve_link_hover_color":"#005bf7","neve_top_bar_enable":"","neve_top_bar_layout":"menu-content","neve_default_sidebar_layout":"full-width","neve_blog_archive_sidebar_layout":"full-width","neve_single_post_sidebar_layout":"full-width","neve_footer_content_type":"none","neve_headings_font_family":"","neve_blog_archive_layout":"default","neve_sitewide_content_width":100,"neve_generated_style_version":1545047518,"__ti_import_menus_location":{"primary":"main-menu"}},"widgets":{"blog-sidebar":{"search-2":{"title":""},"recent-posts-2":{"title":"","number":5},"recent-comments-2":{"title":"","number":5},"archives-2":{"title":"","count":0,"dropdown":0},"categories-2":{"title":"","count":0,"hierarchical":0,"dropdown":0},"meta-2":{"title":""}}},"recommended_plugins":{"elementor":"Elementor Page Builder","themeisle-companion":"Orbit Fox by ThemeIsle"},"front_page":{"front_page":"neve-home","blog_page":"blog"},"shop_pages":null}