{"content_file":"https:\/\/demo.themeisle.com\/neve-vet-center\/wp-content\/uploads\/sites\/168\/ti-demo-data\/export.xml","theme_mods":{"custom_css_post_id":-1,"neve_theme_color":"#7c5e92","neve_link_color":"#555555","neve_link_hover_color":"#67b3a3","neve_text_color":"#555555","neve_top_bar_enable":true,"neve_top_bar_layout":"menu-content","neve_top_bar_content":"<i class=\"fa fa-clock-o\" style=\"margin-right: 3px\"><\/i>Opened 24\/7","neve_footer_content_type":"none","neve_blog_archive_layout":"default","neve_blog_archive_container_style":"contained","neve_default_sidebar_layout":"full-width","neve_blog_archive_sidebar_layout":"full-width","neve_single_post_sidebar_layout":"full-width","__ti_import_menus_location":{"top-bar":"very-top-bar","primary":"primary-menu"}},"widgets":{"blog-sidebar":{"search-2":{"title":""},"recent-posts-2":{"title":"","number":5},"recent-comments-2":{"title":"","number":5},"archives-2":{"title":"","count":0,"dropdown":0},"categories-2":{"title":"","count":0,"hierarchical":0,"dropdown":0},"meta-2":{"title":""}}},"recommended_plugins":{"elementor":"Elementor Page Builder","themeisle-companion":"Orbit Fox by ThemeIsle"},"front_page":{"front_page":"vet-medical-demo-front","blog_page":"vet-medical-demo-blog"},"shop_pages":null}