{"theme_mods":{"zelle_frontpage_was_imported":"not-zerif","custom_css_post_id":21,"neve_top_bar_enable":true,"neve_top_bar_content":"Treating you is our passion","background_color":"ffffff","neve_link_color":"#404248","neve_link_hover_color":"#404248","neve_text_color":"#404248","neve_menu_item_color":"#23a455","neve_menu_item_hover_color":"#404248","neve_button_color":"#23a455","neve_footer_content_type":"footer_menu","neve_last_menu_item":"none","neve_generated_style_version":1543512844,"__ti_import_menus_location":{"top-bar":"very-top","primary":"main","footer":"main"}},"widgets":{"blog-sidebar":{"search-2":{"title":""},"recent-posts-2":{"title":"","number":5},"recent-comments-2":{"title":"","number":5},"archives-2":{"title":"","count":0,"dropdown":0},"categories-2":{"title":"","count":0,"hierarchical":0,"dropdown":0},"meta-2":{"title":""}}},"recommended_plugins":{"elementor":"Elementor Page Builder","themeisle-companion":"Orbit Fox by ThemeIsle"},"front_page":{"front_page":"home","blog_page":"blog"},"shop_pages":null}